{
    "iptm+ptm": {
        "model_1_multimer_v3_pred_0": 0.24679760816879825,
        "model_2_multimer_v3_pred_0": 0.2473324460173586,
        "model_3_multimer_v3_pred_0": 0.2292482934103729,
        "model_4_multimer_v3_pred_0": 0.26311402517548443,
        "model_5_multimer_v3_pred_0": 0.1954324787885983
    },
    "order": [
        "model_4_multimer_v3_pred_0",
        "model_2_multimer_v3_pred_0",
        "model_1_multimer_v3_pred_0",
        "model_3_multimer_v3_pred_0",
        "model_5_multimer_v3_pred_0"
    ]
}